player_id,team_id,is_current_team
11893,449,1
11893,469,0
7998,290,1
16920,185,0
16920,184,0
16920,89,1
20113,7,1
18835,157,1
18835,504,0
8950,444,0
8950,164,0
8950,267,0
8950,345,1
17306,147,0
17306,393,0
17306,308,1
11271,49,0
11271,281,0
11271,145,0
11271,1,0
12591,24,0
12591,253,0
12591,112,0
12591,137,1
7938,148,1
7938,390,0
7938,49,0
18227,81,0
18227,336,0
18227,30,0
18227,363,0
18227,221,1
18072,263,1
18072,74,0
18072,264,0
18072,375,0
7592,43,0
7592,409,0
7592,285,1
16207,410,1
16207,124,0
3741,174,1
3741,159,0
3741,263,0
15165,43,1
15165,90,0
15165,207,0
15165,145,0
7131,410,1
7131,189,0
7131,131,0
9216,370,0
9216,159,0
9216,256,0
9216,261,0
9216,2,1
9102,313,1
9102,354,0
9102,197,0
9102,234,0
9172,286,1
9172,265,0
9172,266,0
15631,157,1
8944,55,0
8944,54,0
8944,475,0
8944,1,0
11847,87,0
11847,45,0
11847,104,0
11847,1,0
13776,23,0
13776,447,0
13776,321,1
9626,298,0
9626,120,1
16847,264,1
16847,18,0
798,263,0
798,368,0
798,205,0
798,421,1
13281,142,1
13281,458,0
13281,127,0
7167,174,1
7167,143,0
7167,420,0
10774,444,0
10774,410,0
10774,465,1
10981,308,0
10981,19,0
10981,323,0
10981,1,0
3972,174,1
3972,440,0
3972,65,0
9960,263,1
9960,481,0
16816,100,0
16816,2,1
12877,359,0
12877,502,0
12877,329,0
12877,1,0
11141,197,0
11141,406,0
11141,214,0
11141,286,1
12553,157,1
8574,148,1
8574,205,0
8574,263,0
8574,105,0
1088,493,0
1088,361,0
1088,392,0
1088,140,0
1088,205,1
11140,313,1
11140,354,0
11140,87,0
11140,412,0
5736,261,0
5736,211,0
5736,1,0
11816,263,0
11816,159,1
14087,369,0
14087,126,0
14087,1,0
9884,295,0
9884,382,0
9884,66,0
9884,1,0
8412,371,1
8412,117,0
8412,161,0
13238,255,0
13238,11,0
13238,1,0
12733,226,1
12733,493,0
15662,493,1
15662,431,0
10394,159,1
10394,251,0
8943,55,0
8943,203,0
8943,54,0
8943,475,0
8943,1,0
14736,13,1
2757,290,0
2757,159,0
2757,376,1
13249,150,0
13249,387,0
13249,89,0
13249,251,1
11283,199,1
11283,440,0
11283,81,0
11283,473,0
9277,86,0
9277,352,0
9277,38,0
9277,224,0
9277,182,0
9277,1,0
15821,368,0
15821,308,1
9136,149,1
9136,288,0
13254,57,0
13254,22,0
13254,1,0
14619,330,0
14619,310,1
11219,149,1
11219,288,0
11219,320,0
29,285,0
29,111,0
29,1,0
10664,62,0
10664,34,0
10664,386,0
10664,243,1
13670,38,1
13670,187,0
13670,285,0
13670,514,0
12126,90,0
12126,455,0
12126,69,0
12126,491,1
15698,175,0
15698,466,0
15698,2,1
9895,303,0
9895,207,0
9895,302,0
9895,301,0
9895,387,0
9895,1,0
20097,151,0
20097,161,0
20097,141,1
11264,191,0
11264,60,0
11264,319,0
11264,1,0
8789,393,0
8789,441,0
8789,184,0
8789,142,1
5021,402,0
5021,422,0
5021,496,0
5021,244,0
5021,1,0
8565,213,0
8565,157,0
8565,256,0
8565,1,0
14505,329,0
14505,374,0
14505,1,0
16555,185,0
16555,184,0
16555,89,1
18743,343,0
18743,328,0
18743,504,1
11139,313,1
11139,87,0
11139,354,0
12271,478,0
12271,357,0
12271,1,0
10263,410,0
10263,350,0
10263,56,0
10263,286,1
8370,317,0
8370,281,0
8370,1,0
695,126,0
695,285,0
695,159,0
695,509,1
8918,290,1
8918,165,0
18221,126,1
18221,473,0
7266,49,1
7266,19,0
7266,396,0
15090,330,0
15090,294,0
15090,208,0
15090,123,1
39,285,0
39,1,0
8783,207,0
8783,317,0
8783,423,0
8783,302,0
8783,1,0
10722,457,1
10722,240,0
10722,121,0
10722,42,0
18141,504,1
13980,292,0
13980,194,0
13980,7,1
15007,402,0
15007,478,0
15007,425,0
15007,282,1
8575,390,0
8575,148,0
8575,105,0
8575,1,0
8711,70,0
8711,150,0
8711,89,0
8711,1,0
1378,199,1
1378,175,0
1378,324,0
1378,171,0
9042,133,0
9042,395,0
9042,191,0
9042,111,0
9042,415,0
9042,91,0
9042,1,0
12715,87,0
12715,245,0
12715,24,0
12715,172,0
12715,1,0
8520,251,1
8520,317,0
8576,199,0
8576,497,0
8576,369,0
8576,509,1
7390,143,0
7390,174,0
7390,420,0
7390,442,0
7390,1,0
16848,126,1
16848,460,0
13466,371,1
8738,251,1
12713,89,0
12713,387,0
12713,90,1
7256,49,0
7256,263,0
7256,1,0
16546,181,1
16546,330,0
16546,425,0
9031,302,0
9031,308,1
9031,207,0
14294,24,0
14294,253,0
14294,73,0
14294,112,0
14294,137,1
13679,215,0
13679,205,0
13679,300,0
13679,1,0
14932,396,0
14932,130,0
14932,49,1
18462,491,1
18462,138,0
18462,187,0
18462,89,0
18462,443,0
8564,370,0
8564,261,0
8564,256,0
8564,215,1
13300,43,1
13300,93,0
13300,171,0
13300,175,0
17861,261,1
17861,71,0
17861,233,0
9078,111,0
9078,317,0
9078,90,0
9078,302,0
9078,43,1
7398,43,0
7398,409,0
7398,449,1
180,435,0
180,444,0
180,98,0
180,11,0
180,405,1
8552,410,1
8552,164,0
9115,263,1
9115,197,0
9115,354,0
3543,65,0
3543,499,0
3543,440,0
3543,188,1
7993,70,0
7993,1,0
9247,419,0
9247,273,0
9247,1,0
9032,43,0
9032,370,0
9032,111,0
9032,449,1
9255,145,0
9255,285,0
9255,352,0
9255,219,1
5799,19,0
5799,49,0
5799,228,0
5799,1,0
9219,370,0
9219,175,0
9219,213,0
9219,415,0
9219,1,0
11916,176,1
11916,126,0
11916,199,0
18736,434,1
18736,407,0
18736,29,0
7810,90,0
7810,277,0
7810,133,0
7810,91,0
7810,317,0
7810,1,0
11154,261,1
11154,385,0
7028,410,1
7028,164,0
11162,313,1
11162,354,0
11162,234,0
8555,440,0
8555,144,0
8555,1,0
7356,447,0
7356,235,0
7356,82,0
7356,1,0
8848,423,0
8848,387,0
8848,378,1
12732,493,0
12732,321,1
9656,237,0
9656,136,0
9656,160,1
8745,313,0
8745,77,0
8745,358,0
8745,28,1
13602,93,0
13602,491,1
8707,57,0
8707,288,0
8707,90,0
8707,1,0
11586,478,0
11586,1,0
9294,396,0
9294,301,0
9294,1,0
14737,173,0
14737,261,0
14737,222,0
14737,385,0
14737,247,1
14494,425,0
14494,57,0
14494,90,1
14494,157,0
14273,292,1
14273,393,0
8735,89,0
8735,189,0
8735,149,1
13915,505,0
13915,447,1
13915,127,0
12379,440,0
12379,311,0
12379,501,0
12379,344,0
12379,482,1
4679,354,0
4679,90,1
4679,4,0
10588,313,1
10588,354,0
10588,4,0
10588,234,0
10588,45,0
10588,131,0
8526,507,1
8526,505,0
8526,15,0
8526,480,0
8526,500,0
1225,174,0
1225,449,0
1225,143,0
1225,251,1
11815,162,1
11815,381,0
12840,111,0
12840,301,0
12840,90,1
18053,159,1
18053,145,0
9218,211,0
9218,466,0
9218,1,0
9353,390,0
9353,377,0
9353,148,1
15370,396,1
15370,19,0
7996,138,1
7996,145,0
7910,373,0
7910,39,0
7910,399,1
10587,45,0
10587,412,0
10587,87,0
10587,1,0
12030,215,0
12030,440,0
12030,81,0
12030,473,0
12030,1,0
7403,165,0
7403,505,0
7403,458,0
7403,1,0
11355,11,0
11355,429,0
11355,54,0
11355,451,1
11163,414,1
11163,261,0
8605,410,0
8605,1,0
8349,89,0
8349,1,0
7154,111,0
7154,370,0
7154,251,0
7154,80,0
7154,1,0
8568,213,0
8568,256,0
8568,370,0
8568,261,0
8568,215,1
8528,184,0
8528,458,0
8528,89,1
13666,491,0
13666,175,0
13666,285,1
7026,410,0
7026,316,0
7026,1,0
14419,93,0
14419,259,0
14419,423,0
14419,491,1
16080,126,1
16080,396,0
16080,40,0
10504,414,0
10504,222,0
10504,100,0
10504,41,1
2023,370,0
2023,261,0
2023,256,0
2023,215,1
9574,18,0
9574,447,0
9574,396,0
9574,1,0
11739,256,0
11739,215,0
11739,261,0
11739,211,0
11739,53,0
11739,254,1
10566,261,1
10566,211,0
10566,256,0
16817,504,1
16817,100,0
20101,226,0
20101,366,0
20101,321,1
8767,412,0
8767,87,0
8767,24,0
8767,459,0
8767,1,0
9317,288,0
9317,387,0
9317,423,0
9317,1,0
10671,288,0
10671,77,0
10671,149,0
10671,1,0
16693,308,1
16693,138,0
18987,290,1
18987,283,0
8601,444,0
8601,435,0
8601,465,1
11343,371,1
11343,455,0
7429,143,0
7429,237,0
7429,1,0
10330,423,0
10330,303,0
10330,259,0
10330,263,1
9676,198,0
9676,45,0
9676,28,1
9083,393,0
9083,1,0
17585,414,1
17585,175,0
12708,58,1
12708,51,0
12708,473,0
7440,89,0
7440,1,0
16872,220,1
16314,450,0
16314,385,0
16314,1,0
13138,206,0
13138,237,0
13138,8,0
13138,160,1
9056,77,0
9056,191,0
9056,189,0
9056,139,0
9056,1,0
16323,313,0
16323,329,0
16323,434,1
9108,87,0
9108,1,0
9288,386,0
9288,62,0
9288,1,0
885,491,0
885,159,1
5479,126,0
5479,263,0
5479,324,0
5479,421,1
11617,414,0
11617,218,0
11617,2,1
9686,197,0
9686,354,0
9686,4,0
9686,214,0
9686,131,1
17011,493,1
17011,431,0
17011,115,0
15683,410,1
15683,124,0
9618,174,0
9618,440,0
9618,215,0
9618,308,1
5388,235,0
5388,18,0
5388,1,0
17145,371,1
10168,68,0
10168,134,0
10168,220,0
10168,11,0
10168,98,0
10168,1,0
2544,249,0
2544,353,0
2544,428,0
2544,306,1
10449,205,0
10449,308,0
10449,1,0
3849,491,0
3849,132,1
15940,322,0
15940,460,0
15940,202,1
19926,200,1
19926,99,0
19926,237,0
14759,187,1
14759,298,0
11842,416,0
11842,403,0
11842,193,1
7016,410,0
7016,98,0
7016,33,0
7016,408,1
14602,38,0
14602,517,0
14602,287,0
14602,314,1
2469,302,0
2469,409,0
2469,317,0
2469,111,0
2469,483,1
5794,49,1
5794,324,0
5794,263,0
13054,313,0
13054,87,0
13054,198,0
13054,101,1
964,184,0
964,226,0
964,205,0
964,403,0
964,1,0
10994,207,1
10994,168,0
15369,161,0
15369,69,0
15369,486,1
7528,491,1
17504,26,0
17504,36,0
17504,396,0
17504,153,1
12018,207,1
12018,93,0
8513,90,0
8513,319,0
8513,1,0
11954,120,1
11954,257,0
11954,106,0
17147,58,1
17147,51,0
17147,381,0
12731,393,0
12731,290,1
9258,358,0
9258,277,0
9258,409,0
9258,1,0
8543,223,0
8543,129,0
8543,1,0
4076,199,1
4076,126,0
3997,281,0
3997,324,0
3997,263,0
3997,1,0
15072,406,0
15072,355,0
15072,273,0
15072,209,1
11748,450,0
11748,233,0
11748,1,0
13578,251,0
13578,425,0
13578,111,0
13578,391,0
13578,90,1
13188,402,0
13188,244,0
13188,1,0
13239,23,0
13239,447,0
13239,321,1
11250,205,0
11250,505,0
11250,119,1
10589,394,0
10589,201,0
10589,325,0
10589,516,0
10589,280,1
12937,120,1
12937,257,0
12937,382,0
10892,150,0
10892,478,0
10892,402,0
10892,1,0
7964,207,1
7964,358,0
7964,370,0
13843,423,1
13843,43,0
10610,168,0
10610,207,1
10610,93,0
10610,423,0
10610,317,0
8124,210,1
8124,393,0
8124,7,0
11485,197,0
11485,87,0
11485,354,0
11485,434,1
8394,302,0
8394,111,0
8394,43,0
8394,138,1
16647,425,0
16647,217,0
16647,181,1
8248,38,1
8248,354,0
8248,159,0
8248,4,0
3055,491,0
3055,132,1
13229,391,0
13229,418,0
13229,388,0
13229,310,1
8764,412,0
8764,87,0
8764,459,0
8764,1,0
15255,498,0
15255,57,0
15255,110,0
15255,75,0
15255,1,0
12699,512,0
12699,223,0
12699,212,0
12699,202,0
12699,1,0
8604,444,0
8604,1,0
16612,226,0
16612,458,0
16612,403,0
16612,321,1
13230,22,1
13230,89,0
2644,251,0
2644,358,0
2644,1,0
12564,386,0
12564,62,0
12564,255,0
12564,1,0
2553,447,0
2553,36,0
2553,1,0
9174,265,0
9174,266,0
9174,177,0
9174,1,0
9612,423,0
9612,168,0
9612,259,0
9612,43,0
9612,1,0
9043,90,0
9043,143,0
9043,1,0
10842,328,0
10842,453,0
10842,446,0
10842,254,1
10870,11,0
10870,419,0
10870,406,0
10870,209,1
8957,164,0
8957,435,0
8957,436,0
8957,1,0
11942,23,0
11942,447,1
12317,74,1
12317,186,0
16726,467,0
16726,285,0
16726,1,0
7443,175,0
7443,491,0
7443,285,0
7443,162,1
16487,187,0
16487,467,1
18717,385,1
18717,100,0
18717,346,0
8138,8,0
8138,206,0
8138,1,0
839,435,0
839,98,0
839,444,0
839,451,1
4576,501,0
4576,10,0
4576,225,0
4576,52,0
4576,231,1
10557,504,0
10557,453,0
10557,84,0
10557,64,0
10557,254,1
8523,77,0
8523,149,0
8523,89,0
8523,317,0
8523,1,0
9278,285,1
9278,145,0
10705,286,1
10705,34,0
10705,62,0
10705,289,0
14171,204,0
14171,456,0
14171,1,0
8998,364,1
8998,307,0
14148,207,1
14148,423,0
14148,259,0
12092,13,1
12092,222,0
12092,173,0
10761,320,0
10761,69,0
10761,485,0
10761,1,0
11231,191,0
11231,155,0
11231,77,0
11231,244,0
11231,319,0
11231,1,0
8771,354,0
8771,313,0
8771,1,0
16948,7,1
13497,200,1
13497,206,0
13497,99,0
13497,174,0
13497,8,0
9521,11,0
9521,406,0
9521,419,0
9521,286,1
8371,281,1
2555,354,0
2555,412,0
2555,1,0
19673,393,1
19673,147,0
19673,394,0
9279,86,0
9279,352,0
9279,224,0
9279,38,0
9279,182,0
9279,1,0
3847,175,0
3847,491,0
3847,130,0
3847,1,0
9358,481,0
9358,1,0
9349,505,0
9349,507,0
9349,180,1
11777,126,1
11777,175,0
11777,171,0
11777,373,0
5187,410,0
5187,316,0
5187,398,1
13018,138,0
13018,1,0
11337,385,0
11337,466,0
11337,208,0
11337,84,1
10499,183,0
10499,276,0
10499,173,0
10499,222,0
10499,247,1
8183,159,1
12782,19,0
12782,396,0
12782,130,0
12782,1,0
17353,425,0
17353,48,1
7775,126,0
7775,497,0
7775,74,1
3732,501,0
3732,344,0
3732,311,0
3732,10,0
3732,308,1
19044,18,0
19044,482,1
8800,19,0
8800,474,1
19021,182,0
19021,38,1
15835,148,1
15835,377,0
15835,360,0
11576,11,0
11576,134,0
11576,340,1
8095,302,0
8095,111,0
8095,159,0
8095,421,1
15565,230,0
15565,495,0
15565,199,1
11737,279,0
11737,108,0
11737,1,0
1146,38,0
1146,491,0
1146,285,0
1146,187,0
1146,1,0
9875,478,0
9875,387,0
9875,170,0
9875,1,0
8503,282,1
13982,142,1
13982,116,0
13982,204,0
15501,22,1
15501,250,0
317,447,0
317,129,0
317,1,0
19236,493,1
19236,484,0
13396,199,0
13396,1,0
8255,292,0
8255,227,0
8255,348,0
8255,135,0
8255,1,0
14445,71,0
14445,76,0
14445,343,0
14445,1,0
17508,7,1
17508,424,0
17508,97,0
16599,22,1
16599,57,0
7594,290,0
7594,7,1
9271,199,1
17793,431,1
17793,5,0
17793,380,0
10264,207,0
10264,317,0
10264,308,1
9616,237,1
9616,174,0
9616,277,0
10992,168,0
10992,487,1
8994,301,0
8994,324,0
8994,474,1
8346,251,0
8346,77,0
8346,143,0
8346,1,0
557,215,1
557,256,0
557,370,0
557,213,0
557,343,0
557,304,0
7168,143,0
7168,174,0
7168,449,0
7168,308,0
7168,442,0
7168,263,1
10698,186,0
10698,74,0
10698,130,0
10698,474,1
9961,481,0
9961,477,0
9961,1,0
9008,431,0
9008,339,0
9008,389,0
9008,439,1
9483,256,0
9483,328,0
9483,211,0
9483,453,0
9483,1,0
17372,90,1
17372,150,0
2529,414,1
9256,175,0
9256,145,0
9256,182,0
9256,352,0
9256,1,0
7413,111,0
7413,80,0
7413,452,0
7413,1,0
8323,235,0
8323,212,0
8323,1,0
2131,205,0
2131,165,0
2131,458,0
2131,96,1
9289,386,0
9289,62,0
9289,255,0
9289,243,1
7834,455,0
7834,117,0
7834,161,0
7834,63,1
18838,341,0
18838,83,0
18838,122,1
8770,214,0
8770,87,0
8770,198,0
8770,24,0
8770,1,0
13228,418,0
13228,425,0
13228,388,0
13228,111,0
13228,310,1
13589,57,1
13589,425,0
13589,418,0
12027,142,1
12027,116,0
12027,204,0
8345,331,0
8345,184,0
8345,127,0
8345,272,1
13273,357,0
13273,478,0
13273,1,0
11276,26,0
11276,460,0
11276,153,1
13780,23,0
13780,505,0
13780,1,0
15428,460,0
15428,322,0
15428,512,0
15428,1,0
7749,481,0
7749,1,0
3410,292,0
3410,1,0
7253,86,0
7253,191,0
7253,422,0
7253,1,0
10560,256,0
10560,211,0
10560,261,0
10560,1,0
4954,43,1
4954,409,0
5287,301,0
5287,111,0
5287,379,1
11258,16,0
11258,168,0
11258,1,0
4216,440,0
4216,65,0
4216,499,0
4216,81,0
4216,410,1
7322,449,1
7322,143,0
7322,174,0
7322,420,0
629,192,0
629,500,0
629,235,0
629,307,0
629,167,1
2299,65,0
2299,440,0
2299,3,1
203,89,0
203,90,0
203,1,0
14218,285,1
14218,514,0
14218,387,0
13464,151,0
13464,162,0
13464,454,1
2398,318,0
2398,239,0
2398,1,0
8951,350,0
8951,503,0
8951,1,0
17113,264,1
17113,223,0
7935,395,0
7935,133,0
7935,90,0
7935,125,0
7935,1,0
13182,418,0
13182,425,0
13182,388,0
13182,1,0
10818,414,1
10818,328,0
10818,466,0
11844,87,0
11844,45,0
11844,104,0
11844,1,0
14394,261,1
14394,100,0
14394,71,0
14394,76,0
8891,93,0
8891,513,0
8891,483,1
2730,263,0
2730,1,0
11230,78,0
11230,448,0
11230,66,0
11230,1,0
11213,215,0
11213,84,0
11213,466,0
11213,94,1
12269,292,1
17402,329,0
17402,374,0
17402,1,0
8611,207,0
8611,423,0
8611,285,1
20090,93,1
16859,162,1
16859,281,0
8570,18,0
8570,427,1
8350,459,0
8350,90,0
8350,372,0
8350,1,0
9811,182,0
9811,86,0
9811,224,0
9811,352,0
9811,492,0
9811,162,1
12810,368,1
12086,87,0
12086,245,0
12086,190,0
12086,172,0
12086,28,1
9896,423,0
9896,207,0
9896,259,0
9896,1,0
9766,285,1
9766,187,0
9766,352,0
9766,175,0
10840,504,0
10840,453,0
10840,466,0
10840,64,0
10840,254,1
1045,300,0
1045,175,0
1045,1,0
9261,285,0
9261,111,0
9261,491,0
9261,175,0
9261,1,0
10470,383,0
10470,57,0
10470,111,0
10470,356,0
10470,1,0
12004,226,1
12004,424,0
12004,97,0
12004,387,0
12004,131,0
4373,281,0
4373,307,0
4373,1,0
14684,460,0
14684,512,0
14684,1,0
14929,263,1
14929,264,0
14929,490,0
14929,430,0
14929,323,0
12094,247,1
12094,222,0
19114,26,0
19114,36,0
19114,153,1
9680,198,0
9680,329,0
9680,374,0
9680,1,0
15419,220,0
15419,11,0
15419,98,0
15419,1,0
5386,447,0
5386,26,0
5386,427,1
9416,307,0
9416,479,0
9416,192,0
9416,32,0
9416,167,1
3183,117,0
3183,262,0
3183,178,0
3183,151,1
9911,162,1
9911,38,0
11205,364,0
11205,307,0
11205,156,1
11701,19,0
11701,130,0
11701,396,0
11701,301,1
17510,399,1
17510,305,0
17510,401,0
7,370,0
7,491,0
7,207,0
7,423,0
7,1,0
15096,379,1
15096,352,0
15096,373,0
11064,478,0
11064,357,0
11064,295,0
11064,1,0
10186,134,0
10186,68,0
10186,164,0
10186,33,0
10186,27,1
2007,24,0
2007,412,0
2007,253,0
2007,87,0
2007,137,1
8242,326,0
8242,212,0
8242,235,0
8242,1,0
16820,264,1
16820,223,0
8797,89,0
8797,251,0
8797,1,0
9410,205,0
9410,334,0
9410,1,0
11538,190,0
11538,411,0
11538,87,0
11538,1,0
7982,237,0
7982,238,0
7982,163,1
12876,197,0
12876,104,0
12876,1,0
8786,441,0
8786,205,0
8786,363,1
7980,390,0
7980,1,0
4959,143,0
4959,206,0
4959,159,0
4959,1,0
13155,116,0
13155,292,0
13155,169,1
8522,288,0
8522,251,0
8522,143,0
8522,1,0
8744,313,0
8744,234,0
8744,459,0
8744,214,0
8744,1,0
9069,354,0
9069,143,0
9069,383,0
9069,1,0
16946,7,0
16946,431,0
16946,515,1
12521,157,1
2826,322,0
2826,326,0
2826,235,0
2826,1,0
8727,339,0
8727,331,0
8727,25,0
8727,127,0
8727,1,0
16723,260,1
16723,257,0
16723,16,0
11307,334,0
11307,215,0
11307,6,0
11307,1,0
8413,187,0
8413,205,0
8413,368,1
7383,215,0
7383,466,0
7383,233,0
7383,94,1
3669,36,1
3669,212,0
3669,82,0
8517,478,0
8517,139,0
8517,383,0
8517,295,0
8517,1,0
10590,431,0
10590,394,0
10590,127,0
10590,21,1
1883,303,0
1883,423,0
1883,358,0
1883,299,0
1883,1,0
11238,391,0
11238,66,0
11238,417,0
11238,1,0
8724,394,0
8724,201,0
8724,325,0
8724,1,0
11329,385,0
11329,2,1
483,290,0
483,96,1
9245,419,1
9245,273,0
8347,77,0
8347,282,0
8347,1,0
11574,11,0
11574,220,0
11574,429,0
11574,398,1
147,237,0
147,143,0
147,35,1
11515,505,0
11515,180,1
14205,431,0
14205,389,0
14205,484,0
14205,293,1
13240,142,0
13240,458,0
13240,1,0
10764,255,0
10764,62,0
10764,1,0
10570,215,0
10570,84,0
10570,64,0
10570,1,0
9339,55,0
9339,56,0
9339,286,0
9339,475,0
9339,1,0
11654,493,0
11654,424,1
19738,200,1
19738,99,0
5792,32,0
5792,500,0
5792,192,0
5792,1,0
10443,93,0
10443,1,0
10663,386,0
10663,468,0
10663,62,0
10663,275,0
10663,1,0
4637,265,0
4637,1,0
11922,249,0
11922,353,0
11922,222,0
11922,76,0
11922,1,0
9254,281,1
16415,185,0
16415,301,0
16415,421,1
10397,301,0
10397,1,0
973,460,0
973,235,0
973,18,0
973,1,0
7433,251,1
7433,282,0
7248,199,1
7248,126,0
7248,497,0
7248,342,0
14954,198,0
14954,104,0
14954,1,0
7527,285,0
7527,443,0
7527,1,0
545,207,0
545,370,0
545,44,1
13186,387,0
13186,195,0
13186,86,0
13186,1,0
7369,17,0
7369,443,0
7369,365,0
7369,476,0
7369,1,0
7687,251,1
11926,292,0
11926,515,1
10163,87,0
10163,1,0
6904,205,0
6904,263,0
6904,175,0
6904,38,1
9298,38,0
9298,22,0
9298,443,0
9298,1,0
2161,222,1
9260,358,0
9260,89,0
9260,1,0
10463,514,0
10463,352,0
10463,492,0
10463,86,0
10463,1,0
9818,230,1
630,364,1
630,500,0
630,192,0
9257,145,0
9257,175,0
9257,352,0
9257,1,0
1915,395,0
1915,409,0
1915,90,0
1915,181,1
7873,90,0
7873,1,0
16769,46,1
16769,450,0
16769,385,0
16769,158,0
7808,402,0
7808,89,0
7808,133,0
7808,282,1
13157,493,1
18317,393,1
12083,73,0
12083,172,0
12083,104,0
12083,506,1
7700,138,0
7700,107,0
7700,1,0
12710,358,0
12710,155,0
12710,248,0
12710,391,0
12710,1,0
8184,237,0
8184,449,0
8184,491,1
338,165,0
338,205,0
338,1,0
7296,138,0
7296,154,0
7296,271,1
15204,36,1
15204,447,0
15204,322,0
15204,212,0
12101,191,0
12101,60,0
12101,351,0
12101,1,0
5373,246,1
5373,145,0
5373,31,0
9103,329,0
9103,95,0
9103,1,0
8396,387,0
8396,107,0
8396,109,1
19823,431,1
19823,5,0
9221,247,1
9221,222,0
4726,298,0
4726,1,0
44,145,0
44,514,0
44,387,0
44,1,0
12822,157,0
12822,215,1
19190,253,0
19190,112,0
19190,1,0
8324,326,0
8324,447,0
8324,212,1
12781,49,0
12781,19,0
12781,396,0
12781,50,1
9903,260,1
9903,387,0
9903,312,0
17553,414,1
17553,343,0
16495,377,1
16495,74,0
16495,375,0
19232,205,0
19232,472,0
19232,1,0
339,205,0
339,1,0
10372,383,0
10372,448,0
10372,1,0
8726,493,0
8726,331,0
8726,229,1
8125,393,0
8125,147,0
8125,1,0
9130,395,0
9130,143,0
9130,1,0
19733,47,1
19733,81,0
19733,30,0
19733,336,0
2241,364,1
2241,500,0
2241,192,0
735,184,0
735,205,0
735,1,0
12089,86,0
12089,478,0
12089,195,0
12089,1,0
9291,461,1
9291,127,0
10052,23,0
10052,416,0
10052,184,0
10052,193,1
13093,281,1
8875,302,0
8875,303,0
8875,317,0
8875,49,1
12102,330,0
12102,294,0
12102,123,1
7529,497,0
7529,342,0
7529,241,0
7529,1,0
7965,423,1
7965,281,0
2799,455,0
2799,117,0
2799,161,0
2799,371,1
8871,423,0
8871,16,0
8871,387,0
8871,1,0
17956,93,0
17956,387,0
17956,207,1
8082,354,0
8082,4,0
8082,131,0
8082,1,0
12593,313,0
12593,73,0
12593,1,0
13989,450,0
13989,1,0
8374,174,0
8374,99,0
8374,237,0
8374,200,1
9482,504,1
9482,256,0
10436,298,0
10436,464,0
10436,231,1
19705,341,0
19705,83,0
19705,236,0
19705,122,1
284,174,1
284,136,0
284,8,0
8508,395,0
8508,282,0
8508,1,0
8327,18,1
13177,330,0
13177,445,0
13177,113,0
13177,14,0
13177,1,0
884,285,0
884,491,0
884,207,1
12113,57,0
12113,357,0
12113,86,0
12113,123,1
1485,111,0
1485,301,0
1485,239,0
1485,1,0
334,184,0
334,205,0
334,226,0
334,1,0
12088,387,0
12088,402,0
12088,143,0
12088,195,0
12088,1,0
7412,43,1
7412,80,0
13992,69,0
13992,1,0
16947,290,1
16947,403,0
17937,187,1
17937,250,0
8716,205,0
8716,1,0
17930,341,0
17930,83,0
17930,122,1
5045,107,0
5045,337,0
5045,1,0
11996,120,1
11996,257,0
11996,93,0
7499,396,1
7499,263,0
17936,250,0
17936,463,1
12872,434,0
12872,87,0
12872,190,0
12872,1,0
7438,282,0
7438,459,0
7438,108,0
7438,256,0
7438,1,0
11498,142,1
11498,505,0
11498,458,0
14390,71,0
14390,261,0
14390,343,0
14390,1,0
9819,199,1
9819,126,0
9480,215,0
9480,64,0
9480,233,0
9480,1,0
10611,22,1
10611,70,0
19882,493,1
19882,424,0
16529,198,0
16529,73,0
16529,374,0
16529,92,1
13170,423,1
9220,256,0
9220,215,0
9220,415,0
9220,94,1
8000,490,0
8000,130,0
8000,1,0
8488,368,1
8488,481,0
11747,385,1
10827,414,1
10827,100,0
17305,147,0
17305,1,0
8917,151,0
8917,69,0
8917,320,0
8917,291,1
9636,198,0
9636,197,0
9636,214,0
9636,1,0
13148,381,0
13148,301,0
13148,300,0
13148,38,0
13148,314,1
555,414,0
555,13,0
555,261,1
11840,290,1
11840,458,0
11840,339,0
12244,81,0
12244,336,0
12244,30,0
12244,456,0
12244,114,1
5061,381,0
5061,396,0
5061,423,0
5061,1,0
10697,455,0
10697,151,0
10697,69,0
10697,291,1
8539,18,1
15569,467,0
15569,132,1
7805,89,0
7805,90,0
7805,317,0
7805,149,1
7169,449,0
7169,143,0
7169,420,0
7169,174,0
7169,1,0
18120,58,1
18120,51,0
18120,381,0
11217,371,0
11217,320,0
11217,455,0
11217,145,0
11217,63,1
19015,263,1
19015,159,0
9916,512,0
9916,212,0
9916,223,0
9916,1,0
13749,260,1
13749,513,0
10784,187,0
10784,387,0
10784,352,0
10784,219,1
2898,396,1
2898,257,0
2898,35,0
8368,339,0
8368,331,0
8368,127,0
8368,1,0
10192,220,1
10192,124,0
10192,54,0
15117,403,0
15117,237,0
15117,226,0
15117,160,1
3886,191,0
3886,295,0
3886,60,0
3886,1,0
14055,7,0
14055,278,0
14055,392,0
14055,424,1
302,205,0
302,447,0
302,1,0
12129,62,0
12129,386,0
12129,34,0
12129,243,1
8446,70,0
8446,1,0
8321,512,0
8321,212,0
8321,18,0
8321,36,1
7388,281,0
7388,513,0
7388,500,0
7388,196,1
17792,5,0
17792,431,0
17792,23,1
6593,504,1
6593,256,0
6593,453,0
8569,237,0
8569,143,0
8569,238,0
8569,8,0
8569,426,1
3347,290,0
3347,489,1
10666,34,0
10666,62,0
10666,289,0
10666,243,1
7925,186,0
7925,511,0
7925,1,0
14957,190,0
14957,87,0
14957,400,0
14957,1,0
971,369,0
971,199,0
971,1,0
11248,255,0
11248,269,0
11248,386,0
11248,1,0
11891,212,1
11891,18,0
11891,447,0
8137,77,0
8137,1,0
7716,393,1
7716,441,0
11161,296,0
11161,152,0
11161,56,0
11161,85,1
7368,17,0
7368,443,0
7368,235,0
7368,223,0
7368,1,0
9019,138,1
9019,145,0
9019,90,0
11995,259,0
11995,16,0
11995,93,0
11995,486,1
8566,213,0
8566,256,0
8566,261,0
8566,415,0
8566,1,0
14388,141,1
14388,432,0
823,237,0
823,420,0
823,1,0
303,290,0
303,393,0
303,1,0
17918,181,1
17918,349,0
17918,88,0
17918,351,0
7170,174,0
7170,420,0
7170,442,0
7170,143,0
7170,237,0
7170,1,0
14221,18,0
14221,235,0
14221,460,0
14221,470,0
14221,179,1
16921,185,0
16921,184,0
16921,89,1
8598,124,0
8598,27,0
8598,465,1
15563,369,0
15563,509,1
8150,423,0
8150,146,0
8150,347,0
8150,1,0
329,513,0
329,324,0
329,1,0
11460,55,0
11460,1,0
8733,74,0
8733,375,0
8733,332,0
8733,384,0
8733,311,1
17929,341,0
17929,83,0
17929,122,1
8507,149,0
8507,317,0
8507,90,0
8507,251,0
8507,1,0
8453,298,1
8453,464,0
12490,258,1
12490,220,0
12490,124,0
3730,397,0
3730,499,1
9545,143,0
9545,206,0
9545,237,0
9545,1,0
14359,5,0
14359,431,0
14359,380,0
14359,55,0
14359,23,1
9053,139,0
9053,90,0
9053,383,0
9053,1,0
9816,308,0
9816,126,0
9816,199,0
9816,174,1
205,265,0
205,1,0
8459,339,0
8459,458,0
8459,1,0
16870,205,0
16870,472,0
16870,1,0
10961,16,0
10961,302,0
10961,1,0
150,390,0
150,377,0
150,148,1
11039,181,1
11039,351,0
11039,88,0
13042,237,0
13042,206,0
13042,1,0
5796,49,1
5796,19,0
11358,220,1
11358,296,0
11358,152,0
11358,27,0
10508,222,0
10508,67,1
7414,80,0
7414,381,0
7414,103,1
11746,450,0
11746,1,0
3459,116,0
3459,204,0
3459,169,1
922,126,1
922,207,0
922,317,0
2148,324,0
2148,61,0
2148,228,0
2148,1,0
15349,120,1
15349,257,0
15349,93,0
11286,460,0
11286,216,1
19038,423,1
165,447,0
165,202,1
14176,449,1
7511,396,0
7511,263,0
7511,1,0
13179,425,0
13179,57,0
13179,362,0
13179,72,1
11199,368,1
7508,490,0
7508,333,0
7508,102,0
7508,1,0
15639,379,1
15639,182,0
15639,224,0
7958,107,0
7958,387,0
7958,268,0
7958,1,0
7148,285,0
7148,111,0
7148,207,0
7148,1,0
10563,494,0
10563,466,0
10563,222,0
10563,414,0
10563,1,0
161,202,1
161,447,0
161,235,0
7382,281,0
7382,256,0
7382,213,0
7382,84,1
10404,423,0
10404,19,0
10404,93,0
10404,387,0
10404,1,0
10569,237,0
10569,277,0
10569,206,0
10569,35,1
9660,191,0
9660,60,0
9660,66,0
9660,417,0
9660,1,0
12590,245,0
12590,24,0
12590,87,0
12590,112,0
12590,1,0
12161,23,0
12161,458,0
12161,1,0
7942,227,0
7942,20,0
7942,367,1
11287,322,0
11287,216,1
14161,210,1
14161,147,0
16462,38,0
16462,517,0
16462,1,0
14311,517,1
14311,301,0
18697,371,0
18697,309,1
8151,93,0
8151,370,0
8151,38,1
11630,150,0
11630,70,0
11630,22,0
11630,89,0
11630,90,1
5440,186,0
5440,319,0
5440,79,1
7214,324,0
7214,8,0
7214,333,0
7214,1,0
9325,369,0
9325,509,1
10367,19,0
10367,1,0
8599,164,0
8599,316,0
8599,124,0
8599,1,0
7463,423,0
7463,387,0
7463,1,0
16412,371,0
16412,69,0
16412,151,0
16412,63,1
7943,431,0
7943,339,0
7943,389,0
7943,439,1
9845,357,0
9845,448,0
9845,191,0
9845,1,0
10762,371,0
10762,320,0
10762,69,0
10762,471,1
7147,285,0
7147,1,0
3517,130,0
3517,19,0
3517,430,0
3517,128,1
13976,292,1
13976,194,0
11278,18,0
11278,223,0
11278,1,0
8752,402,0
8752,274,0
8752,288,0
8752,1,0
1950,393,0
1950,404,1
15180,230,1
15180,199,0
8410,335,0
8410,393,0
8410,462,0
8410,1,0
14203,57,1
14203,425,0
14203,387,0
14203,498,0
8549,326,0
8549,223,0
8549,427,1
2260,307,0
2260,192,0
2260,327,1
1889,303,0
1889,423,0
1889,299,0
1889,1,0
15071,185,0
15071,184,0
15071,89,1
7166,420,0
7166,237,0
7166,442,0
7166,174,0
7166,1,0
7405,127,0
7405,331,0
7405,335,0
7405,1,0
12588,434,1
11492,24,0
11492,73,0
11492,104,0
11492,1,0
9857,390,0
9857,377,0
9857,1,0
2292,11,0
2292,429,0
2292,1,0
15697,427,1
15697,18,0
15697,322,0
15697,212,0
8320,326,0
8320,129,0
8320,17,0
8320,443,0
8320,1,0
11940,226,1
11940,403,0
9104,95,0
9104,232,0
9104,24,0
9104,1,0
10506,433,1
10506,222,0
10506,183,0
10506,276,0
2476,440,0
2476,65,0
2476,499,0
2476,1,0
16410,371,0
16410,151,0
16410,291,1
3631,239,0
3631,252,0
3631,38,1
8790,441,0
8790,1,0
16486,467,1
16486,285,0
1064,19,0
1064,130,0
1064,430,0
1064,309,1
8231,118,0
8231,223,0
8231,1,0
4829,460,0
4829,36,0
4829,1,0
10938,423,1
14290,190,0
14290,411,0
14290,270,0
14290,87,0
14290,37,1
3329,250,1
3329,443,0
3329,338,0
5351,10,0
5351,501,0
5351,52,0
5351,482,1
9081,393,0
9081,147,0
9081,394,1
9217,370,0
9217,261,0
9217,175,0
9217,251,0
9217,256,0
9217,2,1
1200,292,0
1200,227,0
1200,297,1
1331,459,0
1331,108,0
1331,125,0
1331,1,0
1278,455,0
1278,488,0
1278,1,0
356,364,1
7156,111,0
7156,302,0
7156,421,1
11716,447,1
11716,23,0
11716,403,0
19967,5,0
19967,431,0
19967,23,1
5385,326,0
5385,223,0
5385,427,1
484,290,0
484,1,0
8837,517,1
8837,38,0
169,385,0
169,343,0
169,1,0
6453,395,0
6453,9,0
6453,1,0
1206,298,1
9736,419,1
9736,406,0
9736,273,0
9820,230,0
9820,1,0
12016,204,0
12016,116,0
12016,25,0
12016,1,0
15778,58,1
15778,51,0
4218,499,1
4218,397,0
4218,311,0
429,159,1
429,263,0
429,409,0
7537,369,0
7537,199,1
7537,126,0
7537,495,0
3252,49,0
3252,263,0
3252,288,0
3252,1,0
1154,292,0
1154,227,0
1154,1,0
1866,165,0
1866,507,0
1866,96,1
7796,165,0
7796,505,0
7796,458,0
7796,1,0
10114,369,1
10114,437,0
10114,495,0
7821,199,0
7821,497,0
7821,342,0
7821,126,1
14202,74,0
14202,375,0
14202,311,1
7218,324,0
7218,19,0
7218,175,0
7218,474,1
8983,138,1
9348,505,0
9348,441,0
9348,205,0
9348,284,1
8294,339,0
8294,458,0
8294,1,0
13250,330,0
13250,294,0
13250,208,0
13250,123,1
9295,396,0
9295,303,0
9295,423,0
9295,413,0
9295,263,1
5327,117,0
5327,178,0
5327,262,0
5327,318,0
5327,1,0
499,127,0
499,184,0
499,142,1
11110,491,0
11110,492,0
11110,89,0
11110,379,1
9798,322,1
6451,77,0
6451,409,0
6451,1,0
7797,278,0
7797,331,0
7797,135,0
7797,348,0
7797,1,0
16563,363,1
16563,336,0
16563,81,0
16563,30,0
16563,456,0
18219,219,1
18219,187,0
18219,443,0
15120,8,0
15120,206,0
15120,1,0
9017,139,0
9017,383,0
9017,478,0
9017,274,0
9017,1,0
41,491,0
41,175,0
41,1,0
9882,282,0
9882,1,0
16731,423,1
16731,387,0
16731,35,0
8047,237,1
8047,136,0
8504,282,0
8504,459,0
8504,256,0
8504,1,0
8212,19,0
8212,490,0
8212,377,1
10993,168,0
10993,1,0
1916,89,0
1916,277,0
1916,133,0
1916,315,1
8521,288,0
8521,317,0
8521,189,0
8521,251,1
1328,108,0
1328,459,0
1328,251,0
1328,1,0
921,35,0
921,312,0
921,396,1
13718,257,0
13718,120,0
13718,1,0
8600,444,0
8600,435,0
8600,345,1
15726,26,0
15726,223,0
15726,1,0
10096,93,1
9350,505,0
9350,15,0
9350,1,0
12572,86,0
12572,224,0
12572,352,0
12572,285,1
7378,491,0
7378,145,0
7378,379,1
1964,342,0
1964,497,0
1964,241,0
1964,509,1
136,49,1
136,263,0
136,288,0
8708,90,0
8708,89,0
8708,383,0
8708,1,0
13779,431,0
13779,484,0
13779,515,1
472,165,0
472,290,1
8422,16,1
8422,510,0
8422,242,0
8422,166,0
7415,423,0
7415,19,0
7415,1,0
13156,366,0
13156,12,0
13156,438,0
13156,59,1
6455,508,0
6455,372,0
6455,395,0
6455,1,0
